n_samples,n_records,baseline_acc,blank_acc,P1_flip,P2_halluc,P3_flip,P4_max_gap,P4_cross_change,model,dataset
150,4350,0.3333333333333333,0.26166666666666666,0.8266666666666667,0.904,0.45066666666666666,0.06666666666666665,0.09533333333333333,biomed_clip,vqa_rad
150,4350,0.52,0.15833333333333333,0.845,0.9053333333333333,0.35733333333333334,0.06666666666666676,0.06333333333333334,biomed_clip,vqa_med_2019
150,4350,0.8266666666666667,0.31833333333333336,0.6883333333333334,0.9773333333333334,0.164,0.08000000000000007,0.035333333333333335,biomed_clip,vqa_med_2021
30,870,0.13333333333333333,0.16666666666666666,0.6666666666666666,1.0,0.5266666666666666,0.03333333333333333,0.06000000000000001,llava_med,vqa_rad
20,580,0.0,0.0,0.7125,1.0,0.53,0.0,0.07999999999999999,llava_med,vqa_med_2019
20,580,0.0,0.0,0.6875,1.0,0.52,0.0,0.195,llava_med,vqa_med_2021
