n_samples,n_records,baseline_acc,blank_acc,P1_flip,P2_halluc,P3_flip,P4_max_gap,P4_cross_change,model,dataset
30,870,0.3333333333333333,0.2916666666666667,0.8083333333333333,0.9266666666666666,0.4533333333333333,0.13333333333333336,0.11666666666666667,biomed_clip,vqa_rad
30,870,0.4,0.13333333333333333,0.875,0.8666666666666667,0.49333333333333335,0.09999999999999998,0.08000000000000002,biomed_clip,vqa_med_2019
30,870,0.8,0.30833333333333335,0.6833333333333333,0.9666666666666667,0.20666666666666667,0.1333333333333333,0.043333333333333335,biomed_clip,vqa_med_2021
