probe,,P2,P2,P3_flip,P3_flip,P3_flip,P3_flip,P4_cross_change,P4_cross_change,P4_cross_change,baseline,baseline,baseline,baseline
metric,,halluc,refusal,embedding,jaccard,naive,yes_no,embedding,jaccard,naive,jaccard,lenient,strict,yes_no
model,dataset,,,,,,,,,,,,,
biomed_clip,vqa_med_2019,0.9053333333333333,0.09466666666666666,0.35733333333333334,0.35733333333333334,0.35733333333333334,0.0,0.18824242424242424,0.18824242424242424,0.06333333333333334,0.52,0.52,0.52,0.25
biomed_clip,vqa_med_2021,0.9773333333333334,0.02266666666666667,0.164,0.164,0.164,0.0,0.10315151515151515,0.10315151515151515,0.035333333333333335,0.8266666666666667,0.8266666666666667,0.8266666666666667,0.0
biomed_clip,vqa_rad,0.904,0.096,0.45066666666666666,0.45066666666666666,0.45066666666666666,0.2,0.2816969696969697,0.2816969696969697,0.09533333333333333,0.3333333333333333,0.3333333333333333,0.3333333333333333,0.5882352941176471
llava_med,vqa_med_2019,1.0,0.0,0.2830188679245283,0.2339622641509434,0.5962264150943396,0.11363636363636363,0.11629502572898798,0.06792452830188679,0.08490566037735849,0.0,0.018518518518518517,0.0,0.375
llava_med,vqa_med_2021,1.0,0.0,0.4,0.2,0.52,0.0,0.35272727272727267,0.13999999999999999,0.195,0.0,0.0,0.0,0.0
llava_med,vqa_rad,1.0,0.0,0.2509433962264151,0.19245283018867926,0.4490566037735849,0.10266159695817491,0.10377358490566038,0.06329331046312178,0.06132075471698113,0.0,0.09433962264150944,0.0,0.46153846153846156
